uf,estado,municipio,codigo_ibge,periodo,zona_residencial,doenca,numero_casos,taxa_incidencia
PA,Pará,Baião,1501204,2004-2008,rural,chagas,2,3.67686595956582
PA,Pará,Cametá,1502103,2004-2008,rural,chagas,5,1.66301604272576
PA,Pará,Mocajuba,1504604,2004-2008,rural,chagas,0,0
PA,Pará,Baião,1501204,2015-2019,rural,chagas,1,1.83843297978291
PA,Pará,Cametá,1502103,2015-2019,rural,chagas,68,22.6170181810704
PA,Pará,Mocajuba,1504604,2015-2019,rural,chagas,0,0
PA,Pará,Baião,1501204,2004-2008,urban,chagas,0,0
PA,Pará,Cametá,1502103,2004-2008,urban,chagas,0,0
PA,Pará,Mocajuba,1504604,2004-2008,urban,chagas,1,1.32618893016194
PA,Pará,Baião,1501204,2015-2019,urban,chagas,2,3.63168539159057
PA,Pará,Cametá,1502103,2015-2019,urban,chagas,33,14.1375185002551
PA,Pará,Mocajuba,1504604,2015-2019,urban,chagas,3,3.97856679048581
PA,Pará,Baião,1501204,2004-2008,total,chagas,2,1.82706801260677
PA,Pará,Cametá,1502103,2004-2008,total,chagas,5,0.936189334931096
PA,Pará,Mocajuba,1504604,2004-2008,total,chagas,1,0.906864967806294
PA,Pará,Baião,1501204,2015-2019,total,chagas,3,1.30123617436565
PA,Pará,Cametá,1502103,2015-2019,total,chagas,101,15.0633855331842
PA,Pará,Mocajuba,1504604,2015-2019,total,chagas,3,1.98170228226046
PA,Pará,Baião,1501204,2004-2008,rural,CL,129,237.157854391995
PA,Pará,Cametá,1502103,2004-2008,rural,CL,78,25.9430502665219
PA,Pará,Mocajuba,1504604,2004-2008,rural,CL,78,223.713888008228
PA,Pará,Baião,1501204,2015-2019,rural,CL,70,128.690308584804
PA,Pará,Cametá,1502103,2015-2019,rural,CL,20,6.65206417090305
PA,Pará,Mocajuba,1504604,2015-2019,rural,CL,14,40.1537747707075
PA,Pará,Baião,1501204,2004-2008,urban,CL,19,34.5010112201104
PA,Pará,Cametá,1502103,2004-2008,urban,CL,14,5.99773512132032
PA,Pará,Mocajuba,1504604,2004-2008,urban,CL,51,67.6356354382587
PA,Pará,Baião,1501204,2015-2019,urban,CL,5,9.07921347897642
PA,Pará,Cametá,1502103,2015-2019,urban,CL,12,5.14091581827456
PA,Pará,Mocajuba,1504604,2015-2019,urban,CL,8,10.6095114412955
PA,Pará,Baião,1501204,2004-2008,total,CL,148,135.203032932901
PA,Pará,Cametá,1502103,2004-2008,total,CL,92,17.2258837627322
PA,Pará,Mocajuba,1504604,2004-2008,total,CL,129,116.985580847012
PA,Pará,Baião,1501204,2015-2019,total,CL,75,32.5309043591412
PA,Pará,Cametá,1502103,2015-2019,total,CL,32,4.77255779269202
PA,Pará,Mocajuba,1504604,2015-2019,total,CL,22,14.5324834032434
PA,Pará,Baião,1501204,2004-2008,rural,VL,74,136.044040503935
PA,Pará,Cametá,1502103,2004-2008,rural,VL,250,83.1508021362881
PA,Pará,Mocajuba,1504604,2004-2008,rural,VL,98,281.076423394953
PA,Pará,Baião,1501204,2015-2019,rural,VL,16,29.4149276765265
PA,Pará,Cametá,1502103,2015-2019,rural,VL,83,27.6060663092476
PA,Pará,Mocajuba,1504604,2015-2019,rural,VL,11,31.5493944626988
PA,Pará,Baião,1501204,2004-2008,urban,VL,18,32.6851685243151
PA,Pará,Cametá,1502103,2004-2008,urban,VL,33,14.1375185002551
PA,Pará,Mocajuba,1504604,2004-2008,urban,VL,29,38.4594789746961
PA,Pará,Baião,1501204,2015-2019,urban,VL,6,10.8950561747717
PA,Pará,Cametá,1502103,2015-2019,urban,VL,12,5.14091581827456
PA,Pará,Mocajuba,1504604,2015-2019,urban,VL,6,7.95713358097161
PA,Pará,Baião,1501204,2004-2008,total,VL,92,84.0451285799114
PA,Pará,Cametá,1502103,2004-2008,total,VL,283,52.9883163571001
PA,Pará,Mocajuba,1504604,2004-2008,total,VL,127,115.171850911399
PA,Pará,Baião,1501204,2015-2019,total,VL,22,9.54239861201475
PA,Pará,Cametá,1502103,2015-2019,total,VL,95,14.1685309470544
PA,Pará,Mocajuba,1504604,2015-2019,total,VL,17,11.2296462661426
PA,Pará,Baião,1501204,2004-2008,rural,Dengue,0,0
PA,Pará,Cametá,1502103,2004-2008,rural,Dengue,0,0
PA,Pará,Mocajuba,1504604,2004-2008,rural,Dengue,0,0
PA,Pará,Baião,1501204,2015-2019,rural,Dengue,0,0
PA,Pará,Cametá,1502103,2015-2019,rural,Dengue,0,0
PA,Pará,Mocajuba,1504604,2015-2019,rural,Dengue,0,0
PA,Pará,Baião,1501204,2004-2008,urban,Dengue,0,0
PA,Pará,Cametá,1502103,2004-2008,urban,Dengue,0,0
PA,Pará,Mocajuba,1504604,2004-2008,urban,Dengue,0,0
PA,Pará,Baião,1501204,2015-2019,urban,Dengue,0,0
PA,Pará,Cametá,1502103,2015-2019,urban,Dengue,0,0
PA,Pará,Mocajuba,1504604,2015-2019,urban,Dengue,0,0
PA,Pará,Baião,1501204,2004-2008,total,Dengue,63,57.5526423971132
PA,Pará,Cametá,1502103,2004-2008,total,Dengue,579,108.410724985021
PA,Pará,Mocajuba,1504604,2004-2008,total,Dengue,39,35.3677337444455
PA,Pará,Baião,1501204,2015-2019,total,Dengue,41,17.7835610496638
PA,Pará,Cametá,1502103,2015-2019,total,Dengue,107,15.9582401193139
PA,Pará,Mocajuba,1504604,2015-2019,total,Dengue,72,47.5608547742511
PA,Pará,Baião,1501204,2004-2008,rural,Falciparum,652,1198.65830281846
PA,Pará,Cametá,1502103,2004-2008,rural,Falciparum,21,6.9846673794482
PA,Pará,Mocajuba,1504604,2004-2008,rural,Falciparum,2,5.73625353867251
PA,Pará,Baião,1501204,2015-2019,rural,Falciparum,0,0
PA,Pará,Cametá,1502103,2015-2019,rural,Falciparum,0,0
PA,Pará,Mocajuba,1504604,2015-2019,rural,Falciparum,0,0
PA,Pará,Baião,1501204,2004-2008,urban,Falciparum,56,101.687190964536
PA,Pará,Cametá,1502103,2004-2008,urban,Falciparum,12,5.14091581827456
PA,Pará,Mocajuba,1504604,2004-2008,urban,Falciparum,6,7.95713358097161
PA,Pará,Baião,1501204,2015-2019,urban,Falciparum,0,0
PA,Pará,Cametá,1502103,2015-2019,urban,Falciparum,1,0.42840965152288
PA,Pará,Mocajuba,1504604,2015-2019,urban,Falciparum,0,0
PA,Pará,Baião,1501204,2004-2008,total,Falciparum,708,646.782076462796
PA,Pará,Cametá,1502103,2004-2008,total,Falciparum,33,6.17884961054524
PA,Pará,Mocajuba,1504604,2004-2008,total,Falciparum,8,7.25491974245035
PA,Pará,Baião,1501204,2015-2019,total,Falciparum,0,0
PA,Pará,Cametá,1502103,2015-2019,total,Falciparum,0,0
PA,Pará,Mocajuba,1504604,2015-2019,total,Falciparum,0,0
PA,Pará,Baião,1501204,2004-2008,rural,Vivax,2209,4061.09845234045
PA,Pará,Cametá,1502103,2004-2008,rural,Vivax,172,57.2077518697662
PA,Pará,Mocajuba,1504604,2004-2008,rural,Vivax,34,97.5163101574326
PA,Pará,Baião,1501204,2015-2019,rural,Vivax,857,1575.53706367395
PA,Pará,Cametá,1502103,2015-2019,rural,Vivax,13891,4620.19116990071
PA,Pará,Mocajuba,1504604,2015-2019,rural,Vivax,860,2466.58902162918
PA,Pará,Baião,1501204,2004-2008,urban,Vivax,202,366.800224550647
PA,Pará,Cametá,1502103,2004-2008,urban,Vivax,83,35.5580010763991
PA,Pará,Mocajuba,1504604,2004-2008,urban,Vivax,81,107.421303343117
PA,Pará,Baião,1501204,2015-2019,urban,Vivax,146,265.113033586111
PA,Pará,Cametá,1502103,2015-2019,urban,Vivax,1383,592.490548056144
PA,Pará,Mocajuba,1504604,2015-2019,urban,Vivax,120,159.142671619432
PA,Pará,Baião,1501204,2004-2008,total,Vivax,2411,2202.53048919746
PA,Pará,Cametá,1502103,2004-2008,total,Vivax,255,47.7456560814859
PA,Pará,Mocajuba,1504604,2004-2008,total,Vivax,115,104.289471297724
PA,Pará,Baião,1501204,2015-2019,total,Vivax,1003,435.046627629581
PA,Pará,Cametá,1502103,2015-2019,total,Vivax,15274,2278.00149142431
PA,Pará,Mocajuba,1504604,2015-2019,total,Vivax,980,647.356078871751
PA,Pará,Baião,1501204,2004-2008,rural,Vivax+Falciparum,16,29.4149276765265
PA,Pará,Cametá,1502103,2004-2008,rural,Vivax+Falciparum,4,1.33041283418061
PA,Pará,Mocajuba,1504604,2004-2008,rural,Vivax+Falciparum,0,0
PA,Pará,Baião,1501204,2015-2019,rural,Vivax+Falciparum,0,0
PA,Pará,Cametá,1502103,2015-2019,rural,Vivax+Falciparum,0,0
PA,Pará,Mocajuba,1504604,2015-2019,rural,Vivax+Falciparum,0,0
PA,Pará,Baião,1501204,2004-2008,urban,Vivax+Falciparum,0,0
PA,Pará,Cametá,1502103,2004-2008,urban,Vivax+Falciparum,2,0.856819303045761
PA,Pará,Mocajuba,1504604,2004-2008,urban,Vivax+Falciparum,0,0
PA,Pará,Baião,1501204,2015-2019,urban,Vivax+Falciparum,0,0
PA,Pará,Cametá,1502103,2015-2019,urban,Vivax+Falciparum,0,0
PA,Pará,Mocajuba,1504604,2015-2019,urban,Vivax+Falciparum,0,0
PA,Pará,Baião,1501204,2004-2008,total,Vivax+Falciparum,0,0
PA,Pará,Cametá,1502103,2004-2008,total,Vivax+Falciparum,6,1.12342720191732
PA,Pará,Mocajuba,1504604,2004-2008,total,Vivax+Falciparum,0,0
PA,Pará,Baião,1501204,2015-2019,total,Vivax+Falciparum,0,0
PA,Pará,Cametá,1502103,2015-2019,total,Vivax+Falciparum,0,0
PA,Pará,Mocajuba,1504604,2015-2019,total,Vivax+Falciparum,0,0
